{"mark_id": "Sirocco", "type": "Ship", "systems": {"engine_sm": {"sm_name": "engine_sm", "mark_id": "Sirocco", "power": 0.5, "upgrade_level": 3, "lbody": {"mark_id": "Sirocco", "type": "ae_Ship", "marker_type": "ae_Ship", "alias": "neutral", "pos": [-189.39710998535156, 133.2032470703125], "vel": [-5.140804290771484, -8.74229907989502], "in_edit_mode": false, "predictions": [[-191.07012939453125, 130.3045654296875], [-194.00440979003906, 124.97345733642578], [-196.79803466796875, 119.56684875488281], [-199.4490203857422, 114.08848571777344], [-201.95555114746094, 108.5421142578125], [-204.3158721923828, 102.93150329589844], [-206.52833557128906, 97.2605209350586], [-208.59140014648438, 91.53302001953125], [-210.5035858154297, 85.75296020507812], [-212.26356506347656, 79.92427062988281], [-213.8701171875, 74.05097198486328], [-215.32205200195312, 68.1370620727539], [-216.6183624267578, 62.18661117553711], [-217.75811767578125, 56.203704833984375], [-218.740478515625, 50.19245529174805], [-219.56475830078125, 44.15699768066406], [-220.23033142089844, 38.10145950317383]], "direction": 0.0, "close_scanrange": 250.0, "distant_scanrange": {"close_range": 250.0, "distant_range": 3447.968822768939, "distant_dir": 90, "distant_arc": 10}}}, "launcher_sm": {"sm_name": "launcher_sm", "mark_id": "Sirocco", "power": 0.5, "upgrade_level": 3}, "resources_sm": {"sm_name": "resources_sm", "mark_id": "Sirocco", "power": 0.75, "upgrade_level": 2, "materials_row": {"storage": {"metal": 2360.0}, "capacity": 2500.0, "occupied": 2360.0, "items_volume": {"metal": 1}, "items_cost": {"metal": 1}}, "stockpile_items": {"storage": {"protect": 30, "boom": 30, "t-1000": 30, "piu-piu": 30, "new_blueprint_name": 20}, "capacity": 2500.0, "occupied": 2130, "items_volume": {"protect": 21, "boom": 11, "t-1000": 26, "piu-piu": 11, "new_blueprint_name": 3}, "items_cost": {"protect": 29.0, "boom": 23.0, "t-1000": 38.0, "piu-piu": 19.0, "new_blueprint_name": 7.0}}, "projectile_constructor": {"blueprints": {"protect": {"thruster": 0, "timer": 0, "inhibitor": 3, "explosive": 2, "emp": 7, "entities_detection": 3, "projectiles_detection": 3, "buster": 1, "detonator": 1, "decoy": 1}, "boom": {"thruster": 1, "timer": 0, "inhibitor": 2, "explosive": 4, "emp": 0, "entities_detection": 2, "projectiles_detection": 0, "buster": 1, "detonator": 1, "decoy": 0}, "t-1000": {"thruster": 0, "timer": 0, "inhibitor": 4, "explosive": 4, "emp": 5, "entities_detection": 5, "projectiles_detection": 5, "buster": 1, "detonator": 1, "decoy": 1}, "piu-piu": {"thruster": 1, "timer": 0, "inhibitor": 2, "explosive": 2, "emp": 2, "entities_detection": 2, "projectiles_detection": 0, "buster": 1, "detonator": 1, "decoy": 0}, "new_blueprint_name": {"thruster": 1, "timer": 1, "inhibitor": 0, "explosive": 1, "emp": 0, "entities_detection": 0, "projectiles_detection": 0, "buster": 0, "detonator": 0, "decoy": 0}}}}, "crew_sm": {"sm_name": "crew_sm", "mark_id": "Sirocco", "power": 0.25, "upgrade_level": 1, "free_crew": 0, "total_crew": 40, "system_status": {"engine_sm": null, "launcher_sm": null, "energy_sm": null, "radar_sm": null, "resources_sm": null}, "teams": {"smith": {"name": "smith", "crew": 10, "loadout": 100, "state": "idle"}, "johnson": {"name": "johnson", "crew": 10, "loadout": 100, "state": "idle"}, "wake": {"name": "wake", "crew": 10, "loadout": 100, "state": "idle"}, "sharp": {"name": "sharp", "crew": 10, "loadout": 100, "state": "idle"}}}, "damage_sm": {"sm_name": "damage_sm", "mark_id": "Sirocco", "power": 0.25, "upgrade_level": 1, "systems_hp": {"engine_sm": {"current_hp": 62.943999999998596, "max_hp": 100}, "launcher_sm": {"current_hp": 61.79199999999855, "max_hp": 100}, "energy_sm": {"current_hp": 61.45599999999854, "max_hp": 100}, "radar_sm": {"current_hp": 60.06399999999849, "max_hp": 100}, "resources_sm": {"current_hp": 62.55999999999858, "max_hp": 100}}, "crew": {"sm_name": "crew_sm", "mark_id": "Sirocco", "power": 0.25, "upgrade_level": 1, "free_crew": 0, "total_crew": 40, "system_status": {"engine_sm": null, "launcher_sm": null, "energy_sm": null, "radar_sm": null, "resources_sm": null}, "teams": {"smith": {"name": "smith", "crew": 10, "loadout": 100, "state": "idle"}, "johnson": {"name": "johnson", "crew": 10, "loadout": 100, "state": "idle"}, "wake": {"name": "wake", "crew": 10, "loadout": 100, "state": "idle"}, "sharp": {"name": "sharp", "crew": 10, "loadout": 100, "state": "idle"}}}}, "interact_sm": {"sm_name": "interact_sm", "mark_id": "Sirocco", "power": 0.25, "upgrade_level": 1}, "radar_sm": {"sm_name": "radar_sm", "mark_id": "Sirocco", "power": 0.75, "upgrade_level": 3}, "energy_sm": {"sm_name": "energy_sm", "mark_id": "Sirocco", "power": 0.25, "upgrade_level": 3}, "RnD_sm": {"sm_name": "RnD_sm", "mark_id": "Sirocco", "power": 0.25, "upgrade_level": 1}, "med_sm": {"sm_name": "med_sm", "mark_id": "Sirocco", "power": 0.25, "upgrade_level": 2, "crew_units": 0, "roles": {"captain": {"HP": 8, "MP": 8, "plague": {"active": false, "current_phase": [3, 3], "plague_actual_tick": 40000.0, "plague_view_matrix": [["0, 1", "0, -1", "0, -1", "0, -1", "0, -1", "0, -1", "-1, 0"], ["-1, 0", "-1, -1", "-1, 0", "2, 1", "1, 2", "0, 1", "1, 0"], ["-1, 0", "0, -1", "1, 2", "0, -1", "-2, 0", "1, 1", "1, 0"], ["-1, 0", "-1, 0", "-1, -1", "-1, -2", "-1, 0", "-1, 2", "1, 0"], ["-1, 0", "-1, -1", "0, -1", "1, -2", "-2, 0", "1, 0", "1, 0"], ["-1, 0", "0, 0", "-1, -1", "-1, 1", "-1, 0", "-1, 1", "1, 0"], ["1, 0", "0, 1", "0, 1", "0, 1", "0, 1", "0, 1", "0, -1"]]}}, "navigator": {"HP": 8, "MP": 8, "plague": {"active": false, "current_phase": [3, 3], "plague_actual_tick": 40000.0, "plague_view_matrix": [["0, 1", "0, -1", "0, -1", "0, -1", "0, -1", "0, -1", "-1, 0"], ["-1, 0", "-1, -1", "-1, 0", "2, 1", "1, 2", "0, 1", "1, 0"], ["-1, 0", "0, -1", "1, 2", "0, -1", "-2, 0", "1, 1", "1, 0"], ["-1, 0", "-1, 0", "-1, -1", "-1, -2", "-1, 0", "-1, 2", "1, 0"], ["-1, 0", "-1, -1", "0, -1", "1, -2", "-2, 0", "1, 0", "1, 0"], ["-1, 0", "0, 0", "-1, -1", "-1, 1", "-1, 0", "-1, 1", "1, 0"], ["1, 0", "0, 1", "0, 1", "0, 1", "0, 1", "0, 1", "0, -1"]]}}, "cannoneer": {"HP": 8, "MP": 8, "plague": {"active": false, "current_phase": [3, 3], "plague_actual_tick": 40000.0, "plague_view_matrix": [["0, 1", "0, -1", "0, -1", "0, -1", "0, -1", "0, -1", "-1, 0"], ["-1, 0", "-1, -1", "-1, 0", "2, 1", "1, 2", "0, 1", "1, 0"], ["-1, 0", "0, -1", "1, 2", "0, -1", "-2, 0", "1, 1", "1, 0"], ["-1, 0", "-1, 0", "-1, -1", "-1, -2", "-1, 0", "-1, 2", "1, 0"], ["-1, 0", "-1, -1", "0, -1", "1, -2", "-2, 0", "1, 0", "1, 0"], ["-1, 0", "0, 0", "-1, -1", "-1, 1", "-1, 0", "-1, 1", "1, 0"], ["1, 0", "0, 1", "0, 1", "0, 1", "0, 1", "0, 1", "0, -1"]]}}, "engineer": {"HP": 8, "MP": 8, "plague": {"active": false, "current_phase": [3, 3], "plague_actual_tick": 40000.0, "plague_view_matrix": [["0, 1", "0, -1", "0, -1", "0, -1", "0, -1", "0, -1", "-1, 0"], ["-1, 0", "-1, -1", "-1, 0", "2, 1", "1, 2", "0, 1", "1, 0"], ["-1, 0", "0, -1", "1, 2", "0, -1", "-2, 0", "1, 1", "1, 0"], ["-1, 0", "-1, 0", "-1, -1", "-1, -2", "-1, 0", "-1, 2", "1, 0"], ["-1, 0", "-1, -1", "0, -1", "1, -2", "-2, 0", "1, 0", "1, 0"], ["-1, 0", "0, 0", "-1, -1", "-1, 1", "-1, 0", "-1, 1", "1, 0"], ["1, 0", "0, 1", "0, 1", "0, 1", "0, 1", "0, 1", "0, -1"]]}}, "medic": {"HP": 8, "MP": 5.420166666649766, "plague": {"active": false, "current_phase": [3, 3], "plague_actual_tick": 40000.0, "plague_view_matrix": [["0, 1", "0, -1", "0, -1", "0, -1", "0, -1", "0, -1", "-1, 0"], ["-1, 0", "-1, -1", "-1, 0", "2, 1", "1, 2", "0, 1", "1, 0"], ["-1, 0", "0, -1", "1, 2", "0, -1", "-2, 0", "1, 1", "1, 0"], ["-1, 0", "-1, 0", "-1, -1", "-1, -2", "-1, 0", "-1, 2", "1, 0"], ["-1, 0", "-1, -1", "0, -1", "1, -2", "-2, 0", "1, 0", "1, 0"], ["-1, 0", "0, 0", "-1, -1", "-1, 1", "-1, 0", "-1, 1", "1, 0"], ["1, 0", "0, 1", "0, 1", "0, 1", "0, 1", "0, 1", "0, -1"]]}}}}}, "capmarks": {"A": {"position": [0, 0], "active": false, "selected": false}, "B": {"position": [0, 0], "active": false, "selected": false},