{"mark_id": "Sirocco", "type": "Ship", "systems": {"engine_sm": {"sm_name": "engine_sm", "mark_id": "Sirocco", "power": 0.5, "upgrade_level": 3, "lbody": {"mark_id": "Sirocco", "type": "ae_Ship", "marker_type": "ae_Ship", "alias": "neutral", "pos": [150.5469207763672, 202.6700897216797], "vel": [-8.155902862548828, 6.039062976837158], "in_edit_mode": false, "predictions": [[147.83953857421875, 204.64138793945312], [142.84584045410156, 208.12611389160156], [137.7630615234375, 211.4803466796875], [132.59463500976562, 214.70179748535156], [127.34400939941406, 217.78823852539062], [122.0147476196289, 220.7375946044922], [116.61038208007812, 223.54783630371094], [111.13461303710938, 226.21702575683594], [105.59109497070312, 228.7433319091797], [99.98357391357422, 231.12503051757812], [94.31584930419922, 233.3605194091797], [88.59173583984375, 235.44821166992188], [82.81511688232422, 237.38668823242188], [76.9898910522461, 239.17465209960938], [71.1199722290039, 240.8108367919922], [65.20934295654297, 242.29409790039062], [59.26201629638672, 243.62344360351562]], "direction": 0.0, "close_scanrange": 250.0, "distant_scanrange": {"close_range": 250.0, "distant_range": 3447.968822768939, "distant_dir": 90, "distant_arc": 10}}}, "launcher_sm": {"sm_name": "launcher_sm", "mark_id": "Sirocco", "power": 0.5, "upgrade_level": 3}, "resources_sm": {"sm_name": "resources_sm", "mark_id": "Sirocco", "power": 0.75, "upgrade_level": 2, "materials_row": {"storage": {"metal": 2360.0}, "capacity": 2500.0, "occupied": 2360.0, "items_volume": {"metal": 1}, "items_cost": {"metal": 1}}, "stockpile_items": {"storage": {"protect": 30, "boom": 30, "t-1000": 30, "piu-piu": 30, "new_blueprint_name": 20}, "capacity": 2500.0, "occupied": 2130, "items_volume": {"protect": 21, "boom": 11, "t-1000": 26, "piu-piu": 11, "new_blueprint_name": 3}, "items_cost": {"protect": 29.0, "boom": 23.0, "t-1000": 38.0, "piu-piu": 19.0, "new_blueprint_name": 7.0}}, "projectile_constructor": {"blueprints": {"protect": {"thruster": 0, "timer": 0, "inhibitor": 3, "explosive": 2, "emp": 7, "entities_detection": 3, "projectiles_detection": 3, "buster": 1, "detonator": 1, "decoy": 1}, "boom": {"thruster": 1, "timer": 0, "inhibitor": 2, "explosive": 4, "emp": 0, "entities_detection": 2, "projectiles_detection": 0, "buster": 1, "detonator": 1, "decoy": 0}, "t-1000": {"thruster": 0, "timer": 0, "inhibitor": 4, "explosive": 4, "emp": 5, "entities_detection": 5, "projectiles_detection": 5, "buster": 1, "detonator": 1, "decoy": 1}, "piu-piu": {"thruster": 1, "timer": 0, "inhibitor": 2, "explosive": 2, "emp": 2, "entities_detection": 2, "projectiles_detection": 0, "buster": 1, "detonator": 1, "decoy": 0}, "new_blueprint_name": {"thruster": 1, "timer": 1, "inhibitor": 0, "explosive": 1, "emp": 0, "entities_detection": 0, "projectiles_detection": 0, "buster": 0, "detonator": 0, "decoy": 0}}}}, "crew_sm": {"sm_name": "crew_sm", "mark_id": "Sirocco", "power": 0.25, "upgrade_level": 1, "free_crew": 0, "total_crew": 40, "system_status": {"engine_sm": null, "launcher_sm": null, "energy_sm": null, "radar_sm": null, "resources_sm": null}, "teams": {"smith": {"name": "smith", "crew": 10, "loadout": 100, "state": "idle"}, "johnson": {"name": "johnson", "crew": 10, "loadout": 100, "state": "idle"}, "wake": {"name": "wake", "crew": 10, "loadout": 100, "state": "idle"}, "sharp": {"name": "sharp", "crew": 10, "loadout": 100, "state": "idle"}}}, "damage_sm": {"sm_name": "damage_sm", "mark_id": "Sirocco", "power": 0.25, "upgrade_level": 1, "systems_hp": {"engine_sm": {"current_hp": 58.47999999999843, "max_hp": 100}, "launcher_sm": {"current_hp": 57.51999999999839, "max_hp": 100}, "energy_sm": {"current_hp": 57.95199999999841, "max_hp": 100}, "radar_sm": {"current_hp": 56.46399999999835, "max_hp": 100}, "resources_sm": {"current_hp": 57.18399999999838, "max_hp": 100}}, "crew": {"sm_name": "crew_sm", "mark_id": "Sirocco", "power": 0.25, "upgrade_level": 1, "free_crew": 0, "total_crew": 40, "system_status": {"engine_sm": null, "launcher_sm": null, "energy_sm": null, "radar_sm": null, "resources_sm": null}, "teams": {"smith": {"name": "smith", "crew": 10, "loadout": 100, "state": "idle"}, "johnson": {"name": "johnson", "crew": 10, "loadout": 100, "state": "idle"}, "wake": {"name": "wake", "crew": 10, "loadout": 100, "state": "idle"}, "sharp": {"name": "sharp", "crew": 10, "loadout": 100, "state": "idle"}}}}, "interact_sm": {"sm_name": "interact_sm", "mark_id": "Sirocco", "power": 0.25, "upgrade_level": 1}, "radar_sm": {"sm_name": "radar_sm", "mark_id": "Sirocco", "power": 0.75, "upgrade_level": 3}, "energy_sm": {"sm_name": "energy_sm", "mark_id": "Sirocco", "power": 0.25, "upgrade_level": 3}, "RnD_sm": {"sm_name": "RnD_sm", "mark_id": "Sirocco", "power": 0.25, "upgrade_level": 1}, "med_sm": {"sm_name": "med_sm", "mark_id": "Sirocco", "power": 0.25, "upgrade_level": 2, "crew_units": 0, "roles": {"captain": {"HP": 8, "MP": 8, "plague": {"active": false, "current_phase": [3, 3], "plague_actual_tick": 40000.0, "plague_view_matrix": [["0, 1", "0, -1", "0, -1", "0, -1", "0, -1", "0, -1", "-1, 0"], ["-1, 0", "-1, -1", "-1, 0", "2, 1", "1, 2", "0, 1", "1, 0"], ["-1, 0", "0, -1", "1, 2", "0, -1", "-2, 0", "1, 1", "1, 0"], ["-1, 0", "-1, 0", "-1, -1", "-1, -2", "-1, 0", "-1, 2", "1, 0"], ["-1, 0", "-1, -1", "0, -1", "1, -2", "-2, 0", "1, 0", "1, 0"], ["-1, 0", "0, 0", "-1, -1", "-1, 1", "-1, 0", "-1, 1", "1, 0"], ["1, 0", "0, 1", "0, 1", "0, 1", "0, 1", "0, 1", "0, -1"]]}}, "navigator": {"HP": 8, "MP": 8, "plague": {"active": false, "current_phase": [3, 3], "plague_actual_tick": 40000.0, "plague_view_matrix": [["0, 1", "0, -1", "0, -1", "0, -1", "0, -1", "0, -1", "-1, 0"], ["-1, 0", "-1, -1", "-1, 0", "2, 1", "1, 2", "0, 1", "1, 0"], ["-1, 0", "0, -1", "1, 2", "0, -1", "-2, 0", "1, 1", "1, 0"], ["-1, 0", "-1, 0", "-1, -1", "-1, -2", "-1, 0", "-1, 2", "1, 0"], ["-1, 0", "-1, -1", "0, -1", "1, -2", "-2, 0", "1, 0", "1, 0"], ["-1, 0", "0, 0", "-1, -1", "-1, 1", "-1, 0", "-1, 1", "1, 0"], ["1, 0", "0, 1", "0, 1", "0, 1", "0, 1", "0, 1", "0, -1"]]}}, "cannoneer": {"HP": 8, "MP": 8, "plague": {"active": false, "current_phase": [3, 3], "plague_actual_tick": 40000.0, "plague_view_matrix": [["0, 1", "0, -1", "0, -1", "0, -1", "0, -1", "0, -1", "-1, 0"], ["-1, 0", "-1, -1", "-1, 0", "2, 1", "1, 2", "0, 1", "1, 0"], ["-1, 0", "0, -1", "1, 2", "0, -1", "-2, 0", "1, 1", "1, 0"], ["-1, 0", "-1, 0", "-1, -1", "-1, -2", "-1, 0", "-1, 2", "1, 0"], ["-1, 0", "-1, -1", "0, -1", "1, -2", "-2, 0", "1, 0", "1, 0"], ["-1, 0", "0, 0", "-1, -1", "-1, 1", "-1, 0", "-1, 1", "1, 0"], ["1, 0", "0, 1", "0, 1", "0, 1", "0, 1", "0, 1", "0, -1"]]}}, "engineer": {"HP": 8, "MP": 8, "plague": {"active": false, "current_phase": [3, 3], "plague_actual_tick": 40000.0, "plague_view_matrix": [["0, 1", "0, -1", "0, -1", "0, -1", "0, -1", "0, -1", "-1, 0"], ["-1, 0", "-1, -1", "-1, 0", "2, 1", "1, 2", "0, 1", "1, 0"], ["-1, 0", "0, -1", "1, 2", "0, -1", "-2, 0", "1, 1", "1, 0"], ["-1, 0", "-1, 0", "-1, -1", "-1, -2", "-1, 0", "-1, 2", "1, 0"], ["-1, 0", "-1, -1", "0, -1", "1, -2", "-2, 0", "1, 0", "1, 0"], ["-1, 0", "0, 0", "-1, -1", "-1, 1", "-1, 0", "-1, 1", "1, 0"], ["1, 0", "0, 1", "0, 1", "0, 1", "0, 1", "0, 1", "0, -1"]]}}, "medic": {"HP": 8, "MP": 5.141766666647942, "plague": {"active": false, "current_phase": [3, 3], "plague_actual_tick": 40000.0, "plague_view_matrix": [["0, 1", "0, -1", "0, -1", "0, -1", "0, -1", "0, -1", "-1, 0"], ["-1, 0", "-1, -1", "-1, 0", "2, 1", "1, 2", "0, 1", "1, 0"], ["-1, 0", "0, -1", "1, 2", "0, -1", "-2, 0", "1, 1", "1, 0"], ["-1, 0", "-1, 0", "-1, -1", "-1, -2", "-1, 0", "-1, 2", "1, 0"], ["-1, 0", "-1, -1", "0, -1", "1, -2", "-2, 0", "1, 0", "1, 0"], ["-1, 0", "0, 0", "-1, -1", "-1, 1", "-1, 0", "-1, 1", "1, 0"], ["1, 0", "0, 1", "0, 1", "0, 1", "0, 1", "0, 1", "0, -1"]]}}}}}, "capmarks": {"A": {"position": [0, 0], "active": false, "selected": false}, "B": {"position": [0, 0], "active": false, "selected": false}, "C": {"position": [0, 0],