{"mark_id": "Sirocco", "type": "Ship", "systems": {"engine_sm": {"sm_name": "engine_sm", "mark_id": "Sirocco", "power": 0.5, "upgrade_level": 3, "lbody": {"mark_id": "Sirocco", "type": "ae_Ship", "marker_type": "ae_Ship", "alias": "neutral", "pos": [-14.751465797424316, -216.75808715820312], "vel": [10.06925106048584, -1.160653829574585], "in_edit_mode": false, "predictions": [[-11.425759315490723, -217.11424255371094], [-5.367668151855469, -217.63929748535156], [0.701570987701416, -218.0059051513672], [6.777822971343994, -218.21383666992188], [12.856948852539062, -218.2630157470703], [18.934814453125, -218.15342712402344], [25.007274627685547, -217.8851776123047], [31.07021141052246, -217.45846557617188], [37.1194953918457, -216.87367248535156], [43.1510124206543, -216.1311798095703], [49.16067123413086, -215.23155212402344], [55.14439392089844, -214.17544555664062], [61.098114013671875, -212.9635772705078], [67.01779174804688, -211.59681701660156], [72.89940643310547, -210.0760955810547], [78.73900604248047, -208.4025421142578], [84.53258514404297, -206.57725524902344]], "direction": 0.0, "close_scanrange": 250.0, "distant_scanrange": {"close_range": 250.0, "distant_range": 3447.968822768939, "distant_dir": 90, "distant_arc": 10}}}, "launcher_sm": {"sm_name": "launcher_sm", "mark_id": "Sirocco", "power": 0.5, "upgrade_level": 3}, "resources_sm": {"sm_name": "resources_sm", "mark_id": "Sirocco", "power": 0.75, "upgrade_level": 2, "materials_row": {"storage": {"metal": 2360.0}, "capacity": 2500.0, "occupied": 2360.0, "items_volume": {"metal": 1}, "items_cost": {"metal": 1}}, "stockpile_items": {"storage": {"protect": 30, "boom": 30, "t-1000": 30, "piu-piu": 30, "new_blueprint_name": 20}, "capacity": 2500.0, "occupied": 2130, "items_volume": {"protect": 21, "boom": 11, "t-1000": 26, "piu-piu": 11, "new_blueprint_name": 3}, "items_cost": {"protect": 29.0, "boom": 23.0, "t-1000": 38.0, "piu-piu": 19.0, "new_blueprint_name": 7.0}}, "projectile_constructor": {"blueprints": {"protect": {"thruster": 0, "timer": 0, "inhibitor": 3, "explosive": 2, "emp": 7, "entities_detection": 3, "projectiles_detection": 3, "buster": 1, "detonator": 1, "decoy": 1}, "boom": {"thruster": 1, "timer": 0, "inhibitor": 2, "explosive": 4, "emp": 0, "entities_detection": 2, "projectiles_detection": 0, "buster": 1, "detonator": 1, "decoy": 0}, "t-1000": {"thruster": 0, "timer": 0, "inhibitor": 4, "explosive": 4, "emp": 5, "entities_detection": 5, "projectiles_detection": 5, "buster": 1, "detonator": 1, "decoy": 1}, "piu-piu": {"thruster": 1, "timer": 0, "inhibitor": 2, "explosive": 2, "emp": 2, "entities_detection": 2, "projectiles_detection": 0, "buster": 1, "detonator": 1, "decoy": 0}, "new_blueprint_name": {"thruster": 1, "timer": 1, "inhibitor": 0, "explosive": 1, "emp": 0, "entities_detection": 0, "projectiles_detection": 0, "buster": 0, "detonator": 0, "decoy": 0}}}}, "crew_sm": {"sm_name": "crew_sm", "mark_id": "Sirocco", "power": 0.25, "upgrade_level": 1, "free_crew": 0, "total_crew": 40, "system_status": {"engine_sm": null, "launcher_sm": null, "energy_sm": null, "radar_sm": null, "resources_sm": null}, "teams": {"smith": {"name": "smith", "crew": 10, "loadout": 100, "state": "idle"}, "johnson": {"name": "johnson", "crew": 10, "loadout": 100, "state": "idle"}, "wake": {"name": "wake", "crew": 10, "loadout": 100, "state": "idle"}, "sharp": {"name": "sharp", "crew": 10, "loadout": 100, "state": "idle"}}}, "damage_sm": {"sm_name": "damage_sm", "mark_id": "Sirocco", "power": 0.25, "upgrade_level": 1, "systems_hp": {"engine_sm": {"current_hp": 61.45599999999854, "max_hp": 100}, "launcher_sm": {"current_hp": 60.783999999998514, "max_hp": 100}, "energy_sm": {"current_hp": 60.63999999999851, "max_hp": 100}, "radar_sm": {"current_hp": 59.199999999998454, "max_hp": 100}, "resources_sm": {"current_hp": 61.45599999999854, "max_hp": 100}}, "crew": {"sm_name": "crew_sm", "mark_id": "Sirocco", "power": 0.25, "upgrade_level": 1, "free_crew": 0, "total_crew": 40, "system_status": {"engine_sm": null, "launcher_sm": null, "energy_sm": null, "radar_sm": null, "resources_sm": null}, "teams": {"smith": {"name": "smith", "crew": 10, "loadout": 100, "state": "idle"}, "johnson": {"name": "johnson", "crew": 10, "loadout": 100, "state": "idle"}, "wake": {"name": "wake", "crew": 10, "loadout": 100, "state": "idle"}, "sharp": {"name": "sharp", "crew": 10, "loadout": 100, "state": "idle"}}}}, "interact_sm": {"sm_name": "interact_sm", "mark_id": "Sirocco", "power": 0.25, "upgrade_level": 1}, "radar_sm": {"sm_name": "radar_sm", "mark_id": "Sirocco", "power": 0.75, "upgrade_level": 3}, "energy_sm": {"sm_name": "energy_sm", "mark_id": "Sirocco", "power": 0.25, "upgrade_level": 3}, "RnD_sm": {"sm_name": "RnD_sm", "mark_id": "Sirocco", "power": 0.25, "upgrade_level": 1}, "med_sm": {"sm_name": "med_sm", "mark_id": "Sirocco", "power": 0.25, "upgrade_level": 2, "crew_units": 0, "roles": {"captain": {"HP": 8, "MP": 8, "plague": {"active": false, "current_phase": [3, 3], "plague_actual_tick": 40000.0, "plague_view_matrix": [["0, 1", "0, -1", "0, -1", "0, -1", "0, -1", "0, -1", "-1, 0"], ["-1, 0", "-1, -1", "-1, 0", "2, 1", "1, 2", "0, 1", "1, 0"], ["-1, 0", "0, -1", "1, 2", "0, -1", "-2, 0", "1, 1", "1, 0"], ["-1, 0", "-1, 0", "-1, -1", "-1, -2", "-1, 0", "-1, 2", "1, 0"], ["-1, 0", "-1, -1", "0, -1", "1, -2", "-2, 0", "1, 0", "1, 0"], ["-1, 0", "0, 0", "-1, -1", "-1, 1", "-1, 0", "-1, 1", "1, 0"], ["1, 0", "0, 1", "0, 1", "0, 1", "0, 1", "0, 1", "0, -1"]]}}, "navigator": {"HP": 8, "MP": 8, "plague": {"active": false, "current_phase": [3, 3], "plague_actual_tick": 40000.0, "plague_view_matrix": [["0, 1", "0, -1", "0, -1", "0, -1", "0, -1", "0, -1", "-1, 0"], ["-1, 0", "-1, -1", "-1, 0", "2, 1", "1, 2", "0, 1", "1, 0"], ["-1, 0", "0, -1", "1, 2", "0, -1", "-2, 0", "1, 1", "1, 0"], ["-1, 0", "-1, 0", "-1, -1", "-1, -2", "-1, 0", "-1, 2", "1, 0"], ["-1, 0", "-1, -1", "0, -1", "1, -2", "-2, 0", "1, 0", "1, 0"], ["-1, 0", "0, 0", "-1, -1", "-1, 1", "-1, 0", "-1, 1", "1, 0"], ["1, 0", "0, 1", "0, 1", "0, 1", "0, 1", "0, 1", "0, -1"]]}}, "cannoneer": {"HP": 8, "MP": 8, "plague": {"active": false, "current_phase": [3, 3], "plague_actual_tick": 40000.0, "plague_view_matrix": [["0, 1", "0, -1", "0, -1", "0, -1", "0, -1", "0, -1", "-1, 0"], ["-1, 0", "-1, -1", "-1, 0", "2, 1", "1, 2", "0, 1", "1, 0"], ["-1, 0", "0, -1", "1, 2", "0, -1", "-2, 0", "1, 1", "1, 0"], ["-1, 0", "-1, 0", "-1, -1", "-1, -2", "-1, 0", "-1, 2", "1, 0"], ["-1, 0", "-1, -1", "0, -1", "1, -2", "-2, 0", "1, 0", "1, 0"], ["-1, 0", "0, 0", "-1, -1", "-1, 1", "-1, 0", "-1, 1", "1, 0"], ["1, 0", "0, 1", "0, 1", "0, 1", "0, 1", "0, 1", "0, -1"]]}}, "engineer": {"HP": 8, "MP": 8, "plague": {"active": false, "current_phase": [3, 3], "plague_actual_tick": 40000.0, "plague_view_matrix": [["0, 1", "0, -1", "0, -1", "0, -1", "0, -1", "0, -1", "-1, 0"], ["-1, 0", "-1, -1", "-1, 0", "2, 1", "1, 2", "0, 1", "1, 0"], ["-1, 0", "0, -1", "1, 2", "0, -1", "-2, 0", "1, 1", "1, 0"], ["-1, 0", "-1, 0", "-1, -1", "-1, -2", "-1, 0", "-1, 2", "1, 0"], ["-1, 0", "-1, -1", "0, -1", "1, -2", "-2, 0", "1, 0", "1, 0"], ["-1, 0", "0, 0", "-1, -1", "-1, 1", "-1, 0", "-1, 1", "1, 0"], ["1, 0", "0, 1", "0, 1", "0, 1", "0, 1", "0, 1", "0, -1"]]}}, "medic": {"HP": 8, "MP": 5.369333333316099, "plague": {"active": false, "current_phase": [3, 3], "plague_actual_tick": 40000.0, "plague_view_matrix": [["0, 1", "0, -1", "0, -1", "0, -1", "0, -1", "0, -1", "-1, 0"], ["-1, 0", "-1, -1", "-1, 0", "2, 1", "1, 2", "0, 1", "1, 0"], ["-1, 0", "0, -1", "1, 2", "0, -1", "-2, 0", "1, 1", "1, 0"], ["-1, 0", "-1, 0", "-1, -1", "-1, -2", "-1, 0", "-1, 2", "1, 0"], ["-1, 0", "-1, -1", "0, -1", "1, -2", "-2, 0", "1, 0", "1, 0"], ["-1, 0", "0, 0", "-1, -1", "-1, 1", "-1, 0", "-1, 1", "1, 0"], ["1, 0", "0, 1", "0, 1", "0, 1", "0, 1", "0, 1", "0, -1"]]}}}}}, "capmarks": {"A": {"position": [0, 0], "active": false, "selected": false}, "B": {"position": [0, 0], "active": false, "selected": false},