{"mark_id": "Sirocco", "type": "Ship", "systems": {"engine_sm": {"sm_name": "engine_sm", "mark_id": "Sirocco", "power": 0.5, "upgrade_level": 3, "lbody": {"mark_id": "Sirocco", "type": "ae_Ship", "marker_type": "ae_Ship", "alias": "neutral", "pos": [202.08135986328125, 150.12979125976562], "vel": [-5.868865966796875, 8.278498649597168], "in_edit_mode": false, "predictions": [[200.12283325195312, 152.84616088867188], [196.46343994140625, 157.71266174316406], [192.67901611328125, 162.4829559326172], [188.7720947265625, 167.15379333496094], [184.74530029296875, 171.72203063964844], [180.6013641357422, 176.1845703125], [176.34300231933594, 180.53843688964844], [171.97311401367188, 184.78062438964844], [167.49461364746094, 188.90829467773438], [162.91058349609375, 192.91859436035156], [158.22401428222656, 196.808837890625], [153.4381103515625, 200.57638549804688], [148.55609130859375, 204.2187042236328], [143.5812225341797, 207.73336791992188], [138.5169219970703, 211.117919921875], [133.36656188964844, 214.3701629638672], [128.1335906982422, 217.4878387451172]], "direction": 0.0, "close_scanrange": 250.0, "distant_scanrange": {"close_range": 250.0, "distant_range": 3447.968822768939, "distant_dir": 90, "distant_arc": 10}}}, "launcher_sm": {"sm_name": "launcher_sm", "mark_id": "Sirocco", "power": 0.5, "upgrade_level": 3}, "resources_sm": {"sm_name": "resources_sm", "mark_id": "Sirocco", "power": 0.75, "upgrade_level": 2, "materials_row": {"storage": {"metal": 2360.0}, "capacity": 2500.0, "occupied": 2360.0, "items_volume": {"metal": 1}, "items_cost": {"metal": 1}}, "stockpile_items": {"storage": {"protect": 30, "boom": 30, "t-1000": 30, "piu-piu": 30, "new_blueprint_name": 20}, "capacity": 2500.0, "occupied": 2130, "items_volume": {"protect": 21, "boom": 11, "t-1000": 26, "piu-piu": 11, "new_blueprint_name": 3}, "items_cost": {"protect": 29.0, "boom": 23.0, "t-1000": 38.0, "piu-piu": 19.0, "new_blueprint_name": 7.0}}, "projectile_constructor": {"blueprints": {"protect": {"thruster": 0, "timer": 0, "inhibitor": 3, "explosive": 2, "emp": 7, "entities_detection": 3, "projectiles_detection": 3, "buster": 1, "detonator": 1, "decoy": 1}, "boom": {"thruster": 1, "timer": 0, "inhibitor": 2, "explosive": 4, "emp": 0, "entities_detection": 2, "projectiles_detection": 0, "buster": 1, "detonator": 1, "decoy": 0}, "t-1000": {"thruster": 0, "timer": 0, "inhibitor": 4, "explosive": 4, "emp": 5, "entities_detection": 5, "projectiles_detection": 5, "buster": 1, "detonator": 1, "decoy": 1}, "piu-piu": {"thruster": 1, "timer": 0, "inhibitor": 2, "explosive": 2, "emp": 2, "entities_detection": 2, "projectiles_detection": 0, "buster": 1, "detonator": 1, "decoy": 0}, "new_blueprint_name": {"thruster": 1, "timer": 1, "inhibitor": 0, "explosive": 1, "emp": 0, "entities_detection": 0, "projectiles_detection": 0, "buster": 0, "detonator": 0, "decoy": 0}}}}, "crew_sm": {"sm_name": "crew_sm", "mark_id": "Sirocco", "power": 0.25, "upgrade_level": 1, "free_crew": 0, "total_crew": 40, "system_status": {"engine_sm": null, "launcher_sm": null, "energy_sm": null, "radar_sm": null, "resources_sm": null}, "teams": {"smith": {"name": "smith", "crew": 10, "loadout": 100, "state": "idle"}, "johnson": {"name": "johnson", "crew": 10, "loadout": 100, "state": "idle"}, "wake": {"name": "wake", "crew": 10, "loadout": 100, "state": "idle"}, "sharp": {"name": "sharp", "crew": 10, "loadout": 100, "state": "idle"}}}, "damage_sm": {"sm_name": "damage_sm", "mark_id": "Sirocco", "power": 0.25, "upgrade_level": 1, "systems_hp": {"engine_sm": {"current_hp": 63.951999999998634, "max_hp": 100}, "launcher_sm": {"current_hp": 63.0879999999986, "max_hp": 100}, "energy_sm": {"current_hp": 62.415999999998576, "max_hp": 100}, "radar_sm": {"current_hp": 61.26399999999853, "max_hp": 100}, "resources_sm": {"current_hp": 63.423999999998614, "max_hp": 100}}, "crew": {"sm_name": "crew_sm", "mark_id": "Sirocco", "power": 0.25, "upgrade_level": 1, "free_crew": 0, "total_crew": 40, "system_status": {"engine_sm": null, "launcher_sm": null, "energy_sm": null, "radar_sm": null, "resources_sm": null}, "teams": {"smith": {"name": "smith", "crew": 10, "loadout": 100, "state": "idle"}, "johnson": {"name": "johnson", "crew": 10, "loadout": 100, "state": "idle"}, "wake": {"name": "wake", "crew": 10, "loadout": 100, "state": "idle"}, "sharp": {"name": "sharp", "crew": 10, "loadout": 100, "state": "idle"}}}}, "interact_sm": {"sm_name": "interact_sm", "mark_id": "Sirocco", "power": 0.25, "upgrade_level": 1}, "radar_sm": {"sm_name": "radar_sm", "mark_id": "Sirocco", "power": 0.75, "upgrade_level": 3}, "energy_sm": {"sm_name": "energy_sm", "mark_id": "Sirocco", "power": 0.25, "upgrade_level": 3}, "RnD_sm": {"sm_name": "RnD_sm", "mark_id": "Sirocco", "power": 0.25, "upgrade_level": 1}, "med_sm": {"sm_name": "med_sm", "mark_id": "Sirocco", "power": 0.25, "upgrade_level": 2, "crew_units": 0, "roles": {"captain": {"HP": 8, "MP": 8, "plague": {"active": false, "current_phase": [3, 3], "plague_actual_tick": 40000.0, "plague_view_matrix": [["0, 1", "0, -1", "0, -1", "0, -1", "0, -1", "0, -1", "-1, 0"], ["-1, 0", "-1, -1", "-1, 0", "2, 1", "1, 2", "0, 1", "1, 0"], ["-1, 0", "0, -1", "1, 2", "0, -1", "-2, 0", "1, 1", "1, 0"], ["-1, 0", "-1, 0", "-1, -1", "-1, -2", "-1, 0", "-1, 2", "1, 0"], ["-1, 0", "-1, -1", "0, -1", "1, -2", "-2, 0", "1, 0", "1, 0"], ["-1, 0", "0, 0", "-1, -1", "-1, 1", "-1, 0", "-1, 1", "1, 0"], ["1, 0", "0, 1", "0, 1", "0, 1", "0, 1", "0, 1", "0, -1"]]}}, "navigator": {"HP": 8, "MP": 8, "plague": {"active": false, "current_phase": [3, 3], "plague_actual_tick": 40000.0, "plague_view_matrix": [["0, 1", "0, -1", "0, -1", "0, -1", "0, -1", "0, -1", "-1, 0"], ["-1, 0", "-1, -1", "-1, 0", "2, 1", "1, 2", "0, 1", "1, 0"], ["-1, 0", "0, -1", "1, 2", "0, -1", "-2, 0", "1, 1", "1, 0"], ["-1, 0", "-1, 0", "-1, -1", "-1, -2", "-1, 0", "-1, 2", "1, 0"], ["-1, 0", "-1, -1", "0, -1", "1, -2", "-2, 0", "1, 0", "1, 0"], ["-1, 0", "0, 0", "-1, -1", "-1, 1", "-1, 0", "-1, 1", "1, 0"], ["1, 0", "0, 1", "0, 1", "0, 1", "0, 1", "0, 1", "0, -1"]]}}, "cannoneer": {"HP": 8, "MP": 8, "plague": {"active": false, "current_phase": [3, 3], "plague_actual_tick": 40000.0, "plague_view_matrix": [["0, 1", "0, -1", "0, -1", "0, -1", "0, -1", "0, -1", "-1, 0"], ["-1, 0", "-1, -1", "-1, 0", "2, 1", "1, 2", "0, 1", "1, 0"], ["-1, 0", "0, -1", "1, 2", "0, -1", "-2, 0", "1, 1", "1, 0"], ["-1, 0", "-1, 0", "-1, -1", "-1, -2", "-1, 0", "-1, 2", "1, 0"], ["-1, 0", "-1, -1", "0, -1", "1, -2", "-2, 0", "1, 0", "1, 0"], ["-1, 0", "0, 0", "-1, -1", "-1, 1", "-1, 0", "-1, 1", "1, 0"], ["1, 0", "0, 1", "0, 1", "0, 1", "0, 1", "0, 1", "0, -1"]]}}, "engineer": {"HP": 8, "MP": 8, "plague": {"active": false, "current_phase": [3, 3], "plague_actual_tick": 40000.0, "plague_view_matrix": [["0, 1", "0, -1", "0, -1", "0, -1", "0, -1", "0, -1", "-1, 0"], ["-1, 0", "-1, -1", "-1, 0", "2, 1", "1, 2", "0, 1", "1, 0"], ["-1, 0", "0, -1", "1, 2", "0, -1", "-2, 0", "1, 1", "1, 0"], ["-1, 0", "-1, 0", "-1, -1", "-1, -2", "-1, 0", "-1, 2", "1, 0"], ["-1, 0", "-1, -1", "0, -1", "1, -2", "-2, 0", "1, 0", "1, 0"], ["-1, 0", "0, 0", "-1, -1", "-1, 1", "-1, 0", "-1, 1", "1, 0"], ["1, 0", "0, 1", "0, 1", "0, 1", "0, 1", "0, 1", "0, -1"]]}}, "medic": {"HP": 8, "MP": 5.471099999983433, "plague": {"active": false, "current_phase": [3, 3], "plague_actual_tick": 40000.0, "plague_view_matrix": [["0, 1", "0, -1", "0, -1", "0, -1", "0, -1", "0, -1", "-1, 0"], ["-1, 0", "-1, -1", "-1, 0", "2, 1", "1, 2", "0, 1", "1, 0"], ["-1, 0", "0, -1", "1, 2", "0, -1", "-2, 0", "1, 1", "1, 0"], ["-1, 0", "-1, 0", "-1, -1", "-1, -2", "-1, 0", "-1, 2", "1, 0"], ["-1, 0", "-1, -1", "0, -1", "1, -2", "-2, 0", "1, 0", "1, 0"], ["-1, 0", "0, 0", "-1, -1", "-1, 1", "-1, 0", "-1, 1", "1, 0"], ["1, 0", "0, 1", "0, 1", "0, 1", "0, 1", "0, 1", "0, -1"]]}}}}}, "capmarks": {"A": {"position": [0, 0], "active": false, "selected": false}, "B": {"position": [0, 0], "active": false, "selected": false}, "C": {"position": [0, 0],