{"mark_id": "Sirocco", "type": "Ship", "systems": {"engine_sm": {"sm_name": "engine_sm", "mark_id": "Sirocco", "power": 0.5, "upgrade_level": 3, "lbody": {"mark_id": "Sirocco", "type": "ae_Ship", "marker_type": "ae_Ship", "alias": "neutral", "pos": [52.90152359008789, -214.6333770751953], "vel": [9.979610443115234, 1.7783738374710083], "in_edit_mode": false, "predictions": [[56.18982696533203, -214.02001953125], [62.144325256347656, -212.78448486328125], [68.06410217285156, -211.39430236816406], [73.94513702392578, -209.8504180908203], [79.78343963623047, -208.15391540527344], [85.5750961303711, -206.30599975585938], [91.316162109375, -204.3079833984375], [97.00276184082031, -202.1612091064453], [102.63105773925781, -199.86724853515625], [108.19723510742188, -197.42759704589844], [113.6975326538086, -194.84402465820312], [119.12825775146484, -192.11827087402344], [124.4857406616211, -189.2522430419922], [129.766357421875, -186.2478485107422], [134.9665985107422, -183.10720825195312], [140.08291625976562, -179.8324432373047], [145.11183166503906, -176.4258575439453]], "direction": 0.0, "close_scanrange": 250.0, "distant_scanrange": {"close_range": 250.0, "distant_range": 3447.968822768939, "distant_dir": 90, "distant_arc": 10}}}, "launcher_sm": {"sm_name": "launcher_sm", "mark_id": "Sirocco", "power": 0.5, "upgrade_level": 3}, "resources_sm": {"sm_name": "resources_sm", "mark_id": "Sirocco", "power": 0.75, "upgrade_level": 2, "materials_row": {"storage": {"metal": 2360.0}, "capacity": 2500.0, "occupied": 2360.0, "items_volume": {"metal": 1}, "items_cost": {"metal": 1}}, "stockpile_items": {"storage": {"protect": 30, "boom": 30, "t-1000": 30, "piu-piu": 30, "new_blueprint_name": 20}, "capacity": 2500.0, "occupied": 2130, "items_volume": {"protect": 21, "boom": 11, "t-1000": 26, "piu-piu": 11, "new_blueprint_name": 3}, "items_cost": {"protect": 29.0, "boom": 23.0, "t-1000": 38.0, "piu-piu": 19.0, "new_blueprint_name": 7.0}}, "projectile_constructor": {"blueprints": {"protect": {"thruster": 0, "timer": 0, "inhibitor": 3, "explosive": 2, "emp": 7, "entities_detection": 3, "projectiles_detection": 3, "buster": 1, "detonator": 1, "decoy": 1}, "boom": {"thruster": 1, "timer": 0, "inhibitor": 2, "explosive": 4, "emp": 0, "entities_detection": 2, "projectiles_detection": 0, "buster": 1, "detonator": 1, "decoy": 0}, "t-1000": {"thruster": 0, "timer": 0, "inhibitor": 4, "explosive": 4, "emp": 5, "entities_detection": 5, "projectiles_detection": 5, "buster": 1, "detonator": 1, "decoy": 1}, "piu-piu": {"thruster": 1, "timer": 0, "inhibitor": 2, "explosive": 2, "emp": 2, "entities_detection": 2, "projectiles_detection": 0, "buster": 1, "detonator": 1, "decoy": 0}, "new_blueprint_name": {"thruster": 1, "timer": 1, "inhibitor": 0, "explosive": 1, "emp": 0, "entities_detection": 0, "projectiles_detection": 0, "buster": 0, "detonator": 0, "decoy": 0}}}}, "crew_sm": {"sm_name": "crew_sm", "mark_id": "Sirocco", "power": 0.25, "upgrade_level": 1, "free_crew": 0, "total_crew": 40, "system_status": {"engine_sm": null, "launcher_sm": null, "energy_sm": null, "radar_sm": null, "resources_sm": null}, "teams": {"smith": {"name": "smith", "crew": 10, "loadout": 100, "state": "idle"}, "johnson": {"name": "johnson", "crew": 10, "loadout": 100, "state": "idle"}, "wake": {"name": "wake", "crew": 10, "loadout": 100, "state": "idle"}, "sharp": {"name": "sharp", "crew": 10, "loadout": 100, "state": "idle"}}}, "damage_sm": {"sm_name": "damage_sm", "mark_id": "Sirocco", "power": 0.25, "upgrade_level": 1, "systems_hp": {"engine_sm": {"current_hp": 59.199999999998454, "max_hp": 100}, "launcher_sm": {"current_hp": 58.81599999999844, "max_hp": 100}, "energy_sm": {"current_hp": 58.81599999999844, "max_hp": 100}, "radar_sm": {"current_hp": 57.27999999999838, "max_hp": 100}, "resources_sm": {"current_hp": 58.81599999999844, "max_hp": 100}}, "crew": {"sm_name": "crew_sm", "mark_id": "Sirocco", "power": 0.25, "upgrade_level": 1, "free_crew": 0, "total_crew": 40, "system_status": {"engine_sm": null, "launcher_sm": null, "energy_sm": null, "radar_sm": null, "resources_sm": null}, "teams": {"smith": {"name": "smith", "crew": 10, "loadout": 100, "state": "idle"}, "johnson": {"name": "johnson", "crew": 10, "loadout": 100, "state": "idle"}, "wake": {"name": "wake", "crew": 10, "loadout": 100, "state": "idle"}, "sharp": {"name": "sharp", "crew": 10, "loadout": 100, "state": "idle"}}}}, "interact_sm": {"sm_name": "interact_sm", "mark_id": "Sirocco", "power": 0.25, "upgrade_level": 1}, "radar_sm": {"sm_name": "radar_sm", "mark_id": "Sirocco", "power": 0.75, "upgrade_level": 3}, "energy_sm": {"sm_name": "energy_sm", "mark_id": "Sirocco", "power": 0.25, "upgrade_level": 3}, "RnD_sm": {"sm_name": "RnD_sm", "mark_id": "Sirocco", "power": 0.25, "upgrade_level": 1}, "med_sm": {"sm_name": "med_sm", "mark_id": "Sirocco", "power": 0.25, "upgrade_level": 2, "crew_units": 0, "roles": {"captain": {"HP": 8, "MP": 8, "plague": {"active": false, "current_phase": [3, 3], "plague_actual_tick": 40000.0, "plague_view_matrix": [["0, 1", "0, -1", "0, -1", "0, -1", "0, -1", "0, -1", "-1, 0"], ["-1, 0", "-1, -1", "-1, 0", "2, 1", "1, 2", "0, 1", "1, 0"], ["-1, 0", "0, -1", "1, 2", "0, -1", "-2, 0", "1, 1", "1, 0"], ["-1, 0", "-1, 0", "-1, -1", "-1, -2", "-1, 0", "-1, 2", "1, 0"], ["-1, 0", "-1, -1", "0, -1", "1, -2", "-2, 0", "1, 0", "1, 0"], ["-1, 0", "0, 0", "-1, -1", "-1, 1", "-1, 0", "-1, 1", "1, 0"], ["1, 0", "0, 1", "0, 1", "0, 1", "0, 1", "0, 1", "0, -1"]]}}, "navigator": {"HP": 8, "MP": 8, "plague": {"active": false, "current_phase": [3, 3], "plague_actual_tick": 40000.0, "plague_view_matrix": [["0, 1", "0, -1", "0, -1", "0, -1", "0, -1", "0, -1", "-1, 0"], ["-1, 0", "-1, -1", "-1, 0", "2, 1", "1, 2", "0, 1", "1, 0"], ["-1, 0", "0, -1", "1, 2", "0, -1", "-2, 0", "1, 1", "1, 0"], ["-1, 0", "-1, 0", "-1, -1", "-1, -2", "-1, 0", "-1, 2", "1, 0"], ["-1, 0", "-1, -1", "0, -1", "1, -2", "-2, 0", "1, 0", "1, 0"], ["-1, 0", "0, 0", "-1, -1", "-1, 1", "-1, 0", "-1, 1", "1, 0"], ["1, 0", "0, 1", "0, 1", "0, 1", "0, 1", "0, 1", "0, -1"]]}}, "cannoneer": {"HP": 8, "MP": 8, "plague": {"active": false, "current_phase": [3, 3], "plague_actual_tick": 40000.0, "plague_view_matrix": [["0, 1", "0, -1", "0, -1", "0, -1", "0, -1", "0, -1", "-1, 0"], ["-1, 0", "-1, -1", "-1, 0", "2, 1", "1, 2", "0, 1", "1, 0"], ["-1, 0", "0, -1", "1, 2", "0, -1", "-2, 0", "1, 1", "1, 0"], ["-1, 0", "-1, 0", "-1, -1", "-1, -2", "-1, 0", "-1, 2", "1, 0"], ["-1, 0", "-1, -1", "0, -1", "1, -2", "-2, 0", "1, 0", "1, 0"], ["-1, 0", "0, 0", "-1, -1", "-1, 1", "-1, 0", "-1, 1", "1, 0"], ["1, 0", "0, 1", "0, 1", "0, 1", "0, 1", "0, 1", "0, -1"]]}}, "engineer": {"HP": 8, "MP": 8, "plague": {"active": false, "current_phase": [3, 3], "plague_actual_tick": 40000.0, "plague_view_matrix": [["0, 1", "0, -1", "0, -1", "0, -1", "0, -1", "0, -1", "-1, 0"], ["-1, 0", "-1, -1", "-1, 0", "2, 1", "1, 2", "0, 1", "1, 0"], ["-1, 0", "0, -1", "1, 2", "0, -1", "-2, 0", "1, 1", "1, 0"], ["-1, 0", "-1, 0", "-1, -1", "-1, -2", "-1, 0", "-1, 2", "1, 0"], ["-1, 0", "-1, -1", "0, -1", "1, -2", "-2, 0", "1, 0", "1, 0"], ["-1, 0", "0, 0", "-1, -1", "-1, 1", "-1, 0", "-1, 1", "1, 0"], ["1, 0", "0, 1", "0, 1", "0, 1", "0, 1", "0, 1", "0, -1"]]}}, "medic": {"HP": 8, "MP": 5.201266666648332, "plague": {"active": false, "current_phase": [3, 3], "plague_actual_tick": 40000.0, "plague_view_matrix": [["0, 1", "0, -1", "0, -1", "0, -1", "0, -1", "0, -1", "-1, 0"], ["-1, 0", "-1, -1", "-1, 0", "2, 1", "1, 2", "0, 1", "1, 0"], ["-1, 0", "0, -1", "1, 2", "0, -1", "-2, 0", "1, 1", "1, 0"], ["-1, 0", "-1, 0", "-1, -1", "-1, -2", "-1, 0", "-1, 2", "1, 0"], ["-1, 0", "-1, -1", "0, -1", "1, -2", "-2, 0", "1, 0", "1, 0"], ["-1, 0", "0, 0", "-1, -1", "-1, 1", "-1, 0", "-1, 1", "1, 0"], ["1, 0", "0, 1", "0, 1", "0, 1", "0, 1", "0, 1", "0, -1"]]}}}}}, "capmarks": {"A": {"position": [0, 0], "active": false, "selected": false}, "B": {"position": [0, 0], "active": false, "selected": false},